{"accuracy": [0.4718799889087677, 0.603879988193512, 0.6517000198364258, 0.686519980430603, 0.7165399789810181, 0.7423200011253357, 0.7652400135993958, 0.7819600105285645, 0.8012400269508362, 0.8227599859237671], "loss": [1.4688212871551514, 1.1306729316711426, 0.9955272674560547, 0.8982647657394409, 0.8123835921287537, 0.7393968105316162, 0.6781870126724243, 0.6219404935836792, 0.5669949054718018, 0.509783923625946], "val_accuracy": [0.5493999719619751, 0.632099986076355, 0.6488999724388123, 0.6726999878883362, 0.6740999817848206, 0.6970999836921692, 0.6905999779701233, 0.6912999749183655, 0.6962000131607056, 0.7135000228881836], "val_loss": [1.2671301364898682, 1.057359218597412, 1.0087579488754272, 0.9341973662376404, 0.9496564269065857, 0.8997169733047485, 0.899255096912384, 0.9443712830543518, 0.9220594763755798, 0.9027262926101685]}